year,quarter,DCOILWTICO,DCOILBRENTEU,DHHNGSP,GASREGW,GASDESW,MHHNGSP,WTISPLC,DPROPANEMBTX,IPG2211S,TSIFRGHT,RAILFRTCARLOADSD11,TRUCKD11,FRGSHPUSM649NCIS,IPCONGD,TOTBUSSMSA,RSAFS,TOTBUSIMNSA,HOUST,PERMIT,CSUSHPISA,MSPUS,MSACSR,MORTGAGE30US,RHORUSQ156N,HSN1F,COMPUTSA,PAYEMS,UNRATE,ICSA,CIVPART,JTSJOL,CES0500000003,LNS12300060,AWHAETP,CCSA,TOTALSL,DRCCLACBS,BUSLOANS,CORESTICKM159SFRBATL,DRSFRMACBS,CONSUMERNSA,TERMCBPER24NS,REVOLSL,DTCOLNVHFNM
2016,3,-1.1394240729231453,0.395421436004173,-3.401360544217691,-4.508372692142548,-1.8136850783182168,15.444015444015458,-7.342083675143563,4.807692307692313,0.17052159144390622,-0.7328990228012922,4.6256628047038895,-1.9569471624266144,0.09009009009008917,-0.28784750235885115,0.328771709822151,0.6223260295688204,1.1690754475894405,-11.221945137157107,7.864238410596025,1.5211765097912888,-0.7189542483660105,-1.8867924528301772,-1.7241379310344862,0.9538950715421324,0.17953321364452268,-6.672678088367901,0.5688637293873589,2.0408163265306145,-5.72519083969466,0.31897926634767426,2.1943573667711602,0.5854800936768045,0.12836970474967568,0.0,-2.7115474520804095,1.7943957333246718,3.619909502262453,0.9551490480546709,2.3860706833945144,-4.366812227074234,2.5773325111090983,-0.10362694300517505,1.6545369687935407,3.1047450873088467
2016,4,12.636211232187765,13.93034825870647,30.633802816901422,3.8219424460431695,6.633081444164568,20.06688963210701,15.028773793714034,28.256880733944946,-0.40563689369687017,1.8867924528301883,-0.9951593259210689,2.9940119760478945,-3.330333033303323,-0.2823112692350138,2.4859038129809274,1.411045652125953,-0.14949171177035536,17.228464419475653,-4.221028396009208,1.585912241448173,2.3370638578011915,3.8461538461538547,26.315789473684227,0.31496062992126816,0.5376344086021501,6.376811594202891,0.3042071643891475,-5.999999999999995,-1.2145748987854255,-0.31796502384736636,1.6359918200409052,0.6208769887465992,0.12820512820512775,0.0,-2.5468524747717436,1.3392411309047558,3.493449781659397,0.6448084723651215,-1.505372411373207,-5.47945205479452,3.056972720472295,-1.9709543568464882,1.0219287850453895,-0.6376006460315775
2017,1,-5.97209302325582,-5.021834061135366,-15.633423180592999,0.25985275010826925,-0.31496062992125706,-19.77715877437326,-5.079853761785646,-12.732474964234619,-1.8595624524463172,0.5636070853462183,1.0015658399744831,-0.19379844961240345,0.5586592178770999,-2.277949305337934,0.350423877968975,0.8668313007909045,2.056903950890243,-4.952076677316297,1.9230769230769162,1.2229665690160374,0.7076230299131625,-7.407407407407418,-4.166666666666686,-0.15698587127158659,12.655971479500883,4.178019981834691,0.38649867957747386,-6.382978723404253,-3.2786885245901676,0.31897926634767426,-2.5653923541247514,0.6941766293868001,0.512163892445594,-0.29069767441860517,-0.04930966469427478,1.4011860920759567,1.2658227848101111,-0.9023387119763804,-5.751781427664094,-5.5555555555555465,-2.4052621551020614,6.349206349206371,1.538738610260526,-0.4794424247622109
2017,2,-8.943411159477632,-9.808429118773955,-4.792332268370602,-1.1663066954643697,-2.6461295418641506,3.472222222222232,-8.412730589904715,-1.1475409836065542,0.022093861091310174,0.7205764611689203,0.9475349756177254,0.5825242718446644,7.685185185185173,0.7867002818690905,0.15841325353331825,0.3563501291014237,-0.6430453942812941,4.9579831932773155,6.367924528301883,1.3284246702878644,1.6288725646758317,6.000000000000005,-6.28019323671497,0.15723270440251014,-2.0569620253164556,7.759372275501297,0.4199493046516345,-2.272727272727282,4.661016949152552,-0.15898251192368873,8.501118568232657,0.5744925315970928,0.1273885350318471,0.291545189504383,-4.834731129748393,1.1576195712426074,3.750000000000009,0.3839441789330822,-12.906460104424799,-5.882352941176472,1.436121014451519,0.7960199004975133,1.0421586452372678,-0.35621897256798984
2017,3,12.277270751847013,21.11299915038234,-1.342281879194629,12.893356643356668,13.103448275862073,0.0,10.27003098716246,51.74129353233832,-1.9826352751073029,2.384737678855342,-2.969137360137697,5.212355212355213,-1.3757523645743786,-0.6493027226828985,2.505255216406921,2.239054597509682,1.8811688627412781,-5.444355484387509,-5.9127864005912745,1.7063592069892497,0.7228158390949035,0.0,-1.2886597938144284,0.31397174254317317,2.9079159935379684,-9.951456310679607,0.28993812379334294,0.0,5.263157894736836,0.4777070063694433,0.23790642347343294,0.8758568164508596,0.5089058524173184,0.0,-3.0067392431311513,1.1999098238447248,2.008032128514059,1.4530747248363118,-1.4492658011440507,-1.0869565217391353,2.1610434139166967,-3.6525172754195534,1.402846676938374,0.23515155812543487
2017,4,17.011805689955484,17.02911259207296,25.510204081632647,-4.297328687572599,4.124820659971307,-5.369127516778526,16.17824167001205,7.431693989071042,5.0153283930565395,3.493788819875787,2.1656150699143284,2.752293577981657,0.34873583260679464,0.6571602965152357,3.2687002091681405,1.664641402015743,-0.1308162733959395,-0.3386960203217604,2.9850746268656803,1.7670380044808365,5.429017160686422,5.660377358490565,4.177545691906004,0.46948356807512415,-1.098901098901095,7.816711590296488,0.35032107096213405,-4.651162790697683,-4.61538461538461,-0.6339144215530834,0.25316455696202667,0.5285013212533052,0.0,0.29069767441860517,3.3137359700694757,1.4821963600084143,-2.3622047244094557,0.11873428086799365,1.2351806532992393,-1.9230769230769273,4.36001705344693,8.29918032786885,1.7980361896677621,0.5136925848584051
2018,1,7.294078729738684,3.4317398471451988,-23.848238482384822,7.119741100323629,3.6858422321736084,-4.6099290780141855,8.37940566689701,-18.51475076297049,-0.8322813014134178,1.500375093773454,3.310262525477947,0.17857142857142794,5.0390964378801195,-0.08397745973171,-0.061068875347936036,0.18011646566413742,2.618743708133864,11.979609175870864,5.644546147978646,1.4213465762388466,-1.8052678307191483,-7.142857142857128,11.2781954887218,0.0,7.777777777777772,-1.5833333333333366,0.5131403238817001,-2.4390243902438935,-6.451612903225811,0.31897926634767426,7.6073232323232265,0.8261359369132748,0.25316455696202667,0.0,0.5173305742369294,1.2018659392314168,0.8064516129032251,0.8494187808568476,11.795845995580923,-2.5210084033613356,-2.2685647213688043,-3.31125827814569,1.1761754890261322,-1.073156078594406
2018,2,14.27470325265916,12.199362503622147,5.3380782918149405,6.986404833836857,6.843853820598023,10.408921933085512,8.193846644348813,17.103620474406988,1.3959504667139688,1.182557280118246,-0.38999300556022964,1.6042780748663166,3.1430934656741183,0.034038458467078314,1.9810599159683528,1.2428604161033086,-0.7145943121169562,-9.559939301972687,-2.8880866425992746,1.1118391109288472,-4.88245931283906,11.538461538461542,2.4774774774774633,0.15576323987538387,-6.332842415316642,2.6248941574936513,0.4585918532506117,0.0,-1.7241379310344862,0.15898251192369983,6.042827808741569,0.6703910614525022,0.2525252525252597,0.0,-13.94750386001029,0.6788115006113982,0.0,3.1834278884523837,7.814819728204436,-7.471264367816088,2.8910981200363395,0.8806262230919737,-0.33234573268327017,0.6712933154642498
2018,3,-1.3085120733845934,6.818181818181812,1.6891891891891886,0.38828097423224683,1.7101990049751103,1.0101010101009944,3.477235892146746,15.45842217484008,-0.5115278831243852,0.8035062089116085,-1.8337423486938675,1.0526315789473717,-0.48115477145148633,0.7906009984543161,0.601833025743681,0.2601596842199738,2.4531318561629822,4.865771812080544,-2.3048327137546454,1.0536104708105398,4.8479087452471425,13.793103448275868,3.736263736263745,0.15552099533437946,-6.446540880503148,-2.0627062706270682,0.26718582169709126,-7.499999999999996,-7.8947368421052655,-0.31746031746032743,2.5034578146611253,1.072881982981877,0.0,-0.28985507246377384,-7.117224880382778,1.4145982069426077,0.8000000000000007,1.5971658116398224,-3.4882285609489694,-7.453416149068326,1.4596175795381194,-2.2308438409311404,1.8617044335733635,1.2686279048000237
2018,4,-38.28594860579552,-38.86605415860734,7.973421926910307,-20.323488045007032,-6.817487007031486,34.66666666666667,-29.488822440552465,-41.366574330563246,-1.1138317280190435,-0.5797101449275477,0.3075244597097848,0.0,-7.977437550362632,0.25394229322266426,-1.3518621010832121,-0.3794657382703237,0.3927838056284827,-12.4,0.22831050228311334,0.8987136060149226,-2.447869446962825,15.15151515151516,-3.601694915254239,0.6211180124223503,-8.235294117647063,-11.28896377422073,0.3019590514066861,5.405405405405395,13.33333333333333,0.31847133757962887,1.052489542571844,0.8784773060029227,0.12594458438286438,0.29069767441860517,14.810045074050215,1.2299535432640507,0.7936507936507908,3.4964131110572394,-0.27236395099884403,-5.033557046979864,2.8063757466652905,5.654761904761907,0.9011122654822401,1.22337002953945
2019,1,33.31118493909191,34.328653351789605,-16.000000000000004,15.754633715798771,1.049868766404205,-26.980198019801982,17.427302100161548,0.7874015748031482,2.4673407148350313,-0.5830903790087327,-7.77393812903261,0.694444444444442,4.816112084063051,-0.40853731396345294,0.8645385788871307,1.9874336059181985,2.6741801773227714,8.767123287671241,-1.6704631738800324,0.4438989365830981,-3.0359355638166052,-26.315789473684216,-10.769230769230775,-0.9259259259259189,31.5018315018315,24.691358024691358,0.324413085996178,-2.564102564102566,-14.70588235294118,0.0,-2.296701829349712,0.7619738751814209,0.37735849056603765,0.0,-2.29949523275379,1.1040952541063298,0.0,1.4734354783420445,-4.039902726721611,-4.946996466431097,-1.8753541495931891,-2.7230046948356845,0.885948918754309,0.45571939198472133
2019,2,-3.3061970426981113,-0.6035624907993697,-11.35531135531136,1.1818528402592232,-1.201298701298703,-18.644067796610177,-6.001719690455721,-24.375000000000004,-5.634458273214582,0.14662756598240456,4.025211511538673,1.379310344827589,-1.3366750208855471,-0.4111056023797688,-0.31415772189820057,1.2143374685257058,-0.4574952787335995,4.366078925272876,0.3088803088802994,0.726419149645241,3.0351437699680517,-3.5714285714285587,-8.128078817733986,-0.15576323987540608,1.532033426183843,-10.281797410510285,0.3612894640540265,-5.263157894736836,11.33004926108374,0.0,-1.6810168101681011,0.7202016564638036,-0.12531328320801727,-0.28985507246377384,-4.879448909299655,1.0506114888019669,1.9685039370078705,0.01935689093339743,1.5125929910994929,-3.3457249070631967,2.606809219392736,2.6061776061776287,0.7686769248660186,0.9551286683905147
2019,3,-7.06185567010309,-9.671208530805675,-2.066115702479332,-0.45214770158251705,0.7558330594807705,6.666666666666665,4.189535309184067,-6.198347107438007,5.704699682173953,0.2928257686676483,-3.4268585221919,-0.08503401360543394,1.5241320914479273,-0.819930024672566,-0.43350235490070554,0.7558124588426196,0.9111648930843597,5.470635559131143,13.086989992301778,1.0899221758164712,-1.2713178294573635,0.0,-2.4128686327077764,1.0920436817472678,-2.3319615912208547,-2.037351443123936,0.3493814556013719,-2.777777777777779,-4.867256637168138,0.31746031746031633,-0.9730330831248302,0.6792992491955641,0.6273525721455453,0.0,-3.4399517199758645,1.2765981010974592,0.38610038610038533,1.3831275562991685,9.627070501216872,-6.153846153846154,1.967716784546858,-5.268109125117593,1.2055968973313957,0.9299175615210986
2019,4,13.033832501386566,11.116576487948837,-11.814345991561193,-2.6873580620741744,0.09784735812132794,-13.28124999999999,5.144863915715536,-9.03083700440529,-2.8359871317466423,-1.167883211678833,-2.487245021914264,-0.9361702127659521,-12.260216847372806,0.2961493556492556,-0.03687135047093504,1.3287458562559973,-0.9251917637152718,18.077803203661325,-1.7699115044247815,1.4657053410492393,2.7324120603015034,1.8518518518518379,2.7472527472527597,0.4629629629629539,-1.6853932584269704,13.344887348353552,0.2834208700822405,2.857142857142869,7.441860465116279,0.15822784810126667,-5.965749578888269,0.78125,0.24937655860348684,-0.29069767441860517,15.187499999999998,1.1114677158985176,0.38461538461538325,-0.5391821546910425,4.9438910777015455,-4.098360655737709,3.3268373756194736,1.3902681231380498,0.7116475534548972,0.800732283711203
2020,1,-66.45403990840693,-78.08764940239044,-18.181818181818176,-22.01478024115131,-15.738025415444778,-19.369369369369373,-51.21910487641951,-29.782082324455207,-1.657055202047386,-1.107828655834564,-5.842143238696618,0.2577319587628857,3.3269961977186124,-4.931391125137507,-6.375147242342527,-9.227869751081307,0.3410446040525761,-18.217054263565892,-6.375606375606379,1.1574961432378128,0.5808621216753185,16.36363636363638,-6.417112299465244,0.3072196620583778,-10.571428571428577,-5.428134556574927,-0.5922500230575611,22.222222222222232,2474.025974025974,-1.1058451816745585,-12.01671891327064,1.2332628611698482,-1.243781094527363,-0.5830903790087327,334.2919153553988,-0.5382728959805516,3.065134099616862,8.77162518364456,-5.824801125041745,0.42735042735044804,-2.2065848784880937,-5.680705190989221,-2.7272640358755207,-0.8112839361263946
2020,2,91.46757679180888,180.40404040404044,2.923976608187129,8.428927680798015,-6.03248259860788,-8.938547486033531,31.15371448134201,58.62068965517244,-0.7231760515467922,-4.032860343539957,-12.063040130398662,-4.541559554413022,-10.67157313707452,0.3030108412183319,1.093908039360647,10.747452158623405,-5.993458267671404,0.0,-1.3323464100666205,0.4986459382769759,-3.6170212765957444,-37.5,-10.571428571428577,3.9816232771822557,43.9297124600639,-0.6467259498787348,-8.763709864475299,150.0,-75.6811301715439,-1.757188498402562,3.9871055310485293,2.262443438914019,-7.430730478589432,1.4662756598240456,107.52123938030986,-1.63266179396101,-8.921933085501854,14.017860575736375,-22.91477563144342,8.085106382978724,-4.735567424163534,-1.349948078920049,-8.355673758871918,4.756061381523313
2020,3,1.9862490450725634,-3.2180595581172033,-5.681818181818188,-0.22999080036798514,-1.4814814814814836,17.791411042944794,3.4455755677368805,9.565217391304337,0.009876523302554396,2.0233463035019383,11.336937787064416,-0.35906642728905647,21.215242018537595,4.134970960837814,5.796360904346187,4.28575832662168,2.148093556455266,16.35071090047393,23.78094523630907,3.7992320603315477,3.4058656575212787,-12.5,-7.348242811501593,-0.7363770250368162,8.657047724750267,16.92432872253864,2.977388120955027,-29.09090909090909,-45.0207468879668,-0.1626016260162677,6.23266438244412,0.4424778761062065,2.176870748299309,0.5780346820809079,-36.8994581577363,0.6629647215302681,-18.775510204081634,-5.606985401332287,-0.3339904046568476,11.811023622047244,0.5096570595812588,-2.5263157894736876,-0.9343236103459218,4.068568350725088
2020,4,20.72409488139826,27.09677419354839,43.97590361445785,3.4117104656523622,10.066833751044268,34.375,18.647489275801156,48.41269841269842,4.574293344082236,2.135774218154096,2.6980132192593764,2.072072072072073,-4.672897196261672,2.449822190324902,3.6094943800198287,-0.3360794913910836,1.5769847910819257,9.572301425661923,6.363636363636371,4.778338435366614,3.2631899969502998,17.142857142857125,-7.931034482758625,-2.3738872403560984,-10.725229826353422,-4.384133611691022,0.5487761867813967,-14.102564102564097,-2.767295597484276,0.16286644951140072,4.023959453232995,1.3554727211114725,1.7310252996005415,0.0,-50.56769392233566,0.49130172074935974,5.527638190954787,-6.12704824187138,-19.465833026626512,-3.169014084507038,1.9434369108368932,4.211663066954641,-1.011475337775869,0.779282578477769
2021,1,22.419855222337116,24.01405700898087,5.439330543933041,27.15113687026305,19.962049335863384,1.5503875968992276,32.560612505316875,13.636363636363624,-2.044533184034958,0.5227781926810948,2.6269222955227045,0.1765225066195919,6.595365418894805,-0.8522436578589088,7.21750745443015,11.893841927099746,3.3751873246443687,4.5848822800495626,0.056980056980049376,3.7646979235813616,4.843473124630826,7.317073170731736,18.726591760299627,-0.3039513677811634,-2.517162471395884,5.385735080058218,1.181356455369409,-8.955223880597018,-14.877102199223803,0.0,25.4835375756681,0.4012036108324901,0.5235602094240788,0.287356321839094,-25.516309592742715,0.9510189966297711,-10.476190476190483,-0.1526949430076474,0.13937364237850414,-2.5454545454545396,-2.5905042492595287,-1.968911917098437,-0.2642594736957937,2.3547993567212044
2021,2,24.210170636931917,21.1272040302267,50.39682539682539,8.380084151472666,4.397342613097122,24.427480916030532,14.51949302101716,22.705882352941174,2.4824746243578666,-0.4457652303120341,1.2591724910403501,-1.8502202643171706,2.926421404682289,0.23459036988668913,2.903239608186614,1.3471287981709157,0.6405396411703901,-1.4218009478673022,-5.353075170842825,5.156122029036303,3.60563380281691,34.09090909090908,-4.731861198738163,-0.30487804878046587,-16.19718309859155,-10.635359116022103,1.1010039380997316,-3.2786885245901565,-44.07294832826748,0.3252032520325354,21.414284033415697,1.6983016983016963,0.390625,-0.2865329512893977,-14.148743197719615,4.778204372540484,-15.42553191489361,-4.278108064469299,59.593361844381974,-7.835820895522383,3.3896625434829852,1.2684989429175397,3.515651192629865,23.810102537423706
2021,3,2.3122959738846705,1.1307512347283666,47.22955145118735,2.7175671303784954,3.2121212121212217,58.282208588957076,0.3782572149061414,38.350910834132335,-1.5930717314240117,-0.8955223880596885,-2.2433098798422257,0.8976660682226134,-3.8180341186027755,-0.9861614647581618,1.7379102031831906,-0.25338762912552326,4.091185111346918,-5.288461538461542,-0.7821901323706415,4.704519298952592,7.449700924415437,3.3898305084745672,-0.33112582781458233,0.0,2.6610644257702987,-3.9412673879443583,1.3379508983678567,-20.33898305084746,1.9021739130434812,0.0,4.990793681558281,1.4407334643091074,1.1673151750972943,0.0,-17.83881678237247,1.3333766696705052,-3.7735849056603765,-2.4026362358534725,1.3272280545447046,-6.882591093117418,2.8851145639647857,-1.9832985386221247,2.021072157038706,1.0600972308953072
2021,4,0.14623770273862746,-0.7325536563423829,-31.54121863799284,3.149606299212593,6.13623018203171,-27.13178294573644,0.08374040474528055,-22.17602217602218,-1.6654879946154888,2.409638554216853,0.6177879832880206,2.491103202846978,2.0270270270270396,0.5386369794733836,4.063963247636715,1.896712507026832,4.887228421684431,8.565989847715727,14.372346876895081,4.1737598626263805,4.757085020242924,-6.5573770491803245,3.322259136212624,0.1529051987767538,11.323328785811725,7.320997586484301,1.3838980584823801,-17.021276595744684,-42.13333333333333,0.4862236628849326,6.331918035813189,1.3234344738541015,1.538461538461533,0.287356321839094,-37.43570903747244,1.4747634144591792,2.614379084967333,2.370609370992227,32.89420107610634,-0.43478260869563856,4.661777675318457,-3.194888178913746,2.79227841166676,-0.019990088535659645
2022,1,33.45280764635603,38.90471258415331,42.93193717277488,29.19083969465648,43.43015214384507,30.319148936170226,51.30386278064427,25.378450578806767,3.7649378875518114,2.2794117647058743,1.5447705397840128,1.909722222222232,-0.41390728476820016,0.8933828209534811,5.970443190435182,4.9762438599143755,7.9104182036005,-0.6428988895382792,0.6892895015906619,5.2417492628512585,-0.12077294685990392,21.052631578947366,50.16077170418007,-0.15267175572518665,-12.99019607843137,0.9745127436281864,1.000560687777008,-5.128205128205121,-1.382488479262678,0.6451612903225712,6.779513888888888,1.3061484549219404,1.0101010101010166,-0.5730659025787843,-10.041103934233709,1.9037645188393126,7.643312101910826,2.617893291288964,31.472303740264106,-8.733624454148481,0.1798156299158249,3.300330033003318,4.252950565099156,-0.3917717193972603
2022,2,7.191883019994028,11.641345884984622,19.780219780219777,15.150082722760573,11.533269045323058,57.14285714285714,5.843317972350226,-13.068181818181813,0.9786385862941005,-0.6470165348670065,-1.0952132719686647,0.34071550255536653,0.0,-1.5244157884724108,2.4270093280694516,2.345891434148495,3.2684115003445147,-8.47058823529412,-9.110057925223803,2.6677243497780667,5.852478839177744,36.23188405797102,22.055674518201297,0.6116207951070152,-20.563380281690137,2.2271714922049046,0.6892905528202764,-2.7027027027027084,-0.9345794392523366,-0.32051282051280827,-8.275749939029343,1.2264150943396057,-0.2500000000000058,-0.2881844380403509,-8.420365535248042,2.1774345160797015,8.284023668639051,4.991902447943342,18.906823471139035,-6.2200956937799035,4.7176730148424495,-7.028753993610226,3.9596096965543115,0.09431427821757765
2022,3,-25.84446919079436,-25.780597762564696,-2.1406727828746086,-23.83004926108374,-15.459104271139545,2.3376623376623273,-26.62835249042146,-29.33006535947712,-1.789673590953944,0.07235890014474222,-1.3220620188901133,0.679117147707986,3.158769742310885,-0.5880751374844562,-1.8106601753195783,-1.0347553234808071,2.422505829623689,-4.8200514138817425,-8.111239860950171,-1.647881952207475,0.06854009595613775,7.446808510638281,17.543859649122815,0.3039513677811634,-2.127659574468088,5.809731299927368,0.8033710077580469,-2.777777777777779,-10.377358490566035,0.0,-4.280776389258179,1.1804908356632504,0.5012531328320913,0.0,-0.4276550249465383,1.7013407555175553,12.021857923497258,3.0883922618580417,17.32665951271435,-6.122448979591832,2.8387448928518966,16.380297823596777,3.148765824957578,1.0840215106357576
2022,4,0.312851958453253,-6.839145106861655,-45.00000000000001,-16.707087038534073,-7.199836367355294,-29.82233502538071,-9.280797531450279,-16.994219653179186,4.40437333353898,-2.1691973969631184,-4.289294895908458,-1.6020236087689654,-6.446414182111204,-0.09686380767398584,-1.589740949769558,-1.9312571096643083,0.1848790001918843,-12.491559756921,-11.853720050441364,-0.5011098630723243,1.050228310502277,-12.871287128712861,-4.179104477611939,-0.15151515151514694,11.413043478260864,-4.598490048043924,0.4948496568608407,0.0,7.8947368421052655,0.1607717041800516,0.9444444444444366,1.1360147374884777,0.0,-0.5780346820809301,13.457408732999276,1.6684940894786005,10.2439024390244,1.9139240384717926,3.3783506941474695,-2.717391304347827,3.504438620466299,10.334645669291342,3.2195660671337833,2.3596372717401337
2023,1,-5.588822355289413,-4.382999275537303,-40.34090909090909,10.676156583629881,-9.014767467489527,-58.22784810126582,-4.133961276818421,9.052924791086369,-1.1573603873440974,1.773835920177369,6.019223732939283,-1.8851756640959727,-0.5167958656330796,-0.19603199000186589,-0.11948957577345709,1.0552132098317957,1.3790994429149661,5.401234567901225,5.293276108726763,0.33329189583284347,-3.0727519204699516,-7.954545454545469,-1.5576323987538832,0.15174506828528056,3.9024390243902474,8.84892086330935,0.5131461300229345,0.0,14.146341463414625,0.48154093097914075,-11.438268207668322,1.0018214936247993,0.6234413965087171,0.0,7.381703470031553,1.044110550249644,9.292035398230114,-0.12162794624702711,-2.3014468714257275,-2.7932960893854775,-1.5465511825815015,2.408563782337203,2.3730838408280386,2.3468096640716807
2023,2,-6.633192389006359,-5.909837100644011,18.0952380952381,4.38468284127449,-7.921511627906974,-5.627705627705626,-4.1348253275109155,-30.906768837803323,-6.430441658500941,-0.5083514887436413,-0.3923239278681101,-0.3493449781659441,-0.6926406926406892,-1.6280901599612263,0.19918539623173803,1.4241100456997335,-1.2939688148552286,3.9531478770131745,-1.6983695652173947,1.859163041767542,-2.447552447552448,-7.4074074074074066,6.170886075949356,-0.15151515151514694,7.511737089201875,-2.379378717779246,0.4808745987340046,2.857142857142869,0.8547008547008517,0.0,-4.919730709476955,1.2623985572587815,0.12391573729861882,0.0,4.289071680376022,0.8112830047324104,11.336032388663963,-1.581158209668132,-12.737485308972541,-1.1494252873563204,2.123002872579227,0.0,2.185853965680473,4.071194872832051
2023,3,28.460232097367676,28.653871963494826,8.064516129032274,7.448893867264061,20.65245987897921,21.100917431192666,27.302491103202865,28.09611829944545,6.130221534941338,0.36496350364962904,0.41617917089049605,-0.08764241893075564,1.3949433304272008,1.402910119718559,2.946408282581414,0.9962737555607726,0.9053073815781909,-3.591549295774643,5.736005528680033,2.3568204457214748,4.038231780167267,2.6666666666666616,8.941877794336794,0.15174506828528056,-0.727802037845704,0.7447528774543022,0.3444957659738179,2.77777777777779,-8.47457627118644,0.15974440894568342,0.8605664488017473,0.9498367468091518,0.0,0.0,1.2957746478873267,0.1381887100150303,7.272727272727275,0.3050483696153572,-11.299232453019103,0.0,1.0434063614342293,6.010452961672463,2.428396141949274,3.2265103103644943
2023,4,-20.799823730307367,-18.95472564156061,-3.731343283582089,-18.790721918165232,-14.653292629742698,-4.545454545454552,-19.601923291960187,0.8658008658008587,-2.1595354712966475,0.727272727272732,-0.006552637129286776,2.017543859649118,-7.39466895958728,0.18546564836037227,-1.1243941910753952,-0.6158582378676059,-1.1332152796127093,9.861212563915256,-1.8954248366013116,1.0730688935281618,-2.8020211299954023,11.688311688311682,-9.57592339261285,-0.4545454545454519,-7.03812316715543,4.502688172043001,0.2812993472576464,2.7027027027026973,-7.4074074074074066,-0.31897926634769647,-7.981423479857441,0.8232872684504677,-0.3712871287128716,0.0,-2.61401557285873,0.6536486379255635,5.084745762711851,0.12928097462310273,-7.785652217798223,-1.1627906976744207,1.8421650085204355,1.4790468364831444,1.6384725126610267,2.5805970539688694
2024,1,16.7895395743497,10.915175698288081,-40.31007751937985,13.061617458279851,3.065917220235037,-40.87301587301587,13.04589707927677,17.73962804005722,0.20987539189398774,-1.2996389891696825,-4.147067195553744,-2.837489251934644,3.342618384401108,-0.6304465570483919,-0.31334898006176726,-0.3950743894338915,1.58257066240719,-13.76329787234043,-1.59893404397069,1.0696206755198112,0.8506616257088817,-4.651162790697683,2.7231467473525006,-0.15220700152208666,7.413249211356465,-3.858520900321538,0.3882517197192348,2.6315789473684292,11.5,0.32000000000000917,-3.68544600938967,1.049868766404205,0.248447204968949,0.0,3.369503141062258,0.5347345951636218,2.2580645161290214,-0.5723689918951225,-1.1153872783640328,0.588235294117645,-2.4217365226634757,1.1336032388663986,1.6979989482209357,2.167253635104549
2024,2,-1.3458789899952306,1.2649413949170185,57.14285714285714,-2.4127164348566543,-6.569162121963301,70.46979865771812,-1.8577755905511917,1.4580801944106936,4.151396302877042,0.9509875640087762,1.6260388403444015,0.707964601769917,-3.1446540880503027,0.866605584633362,0.5326921940314033,0.2577040257222274,0.180935603234067,1.619121048573624,-1.2186865267433955,0.8624240309127007,-2.881911902530454,0.0,1.0309278350515427,0.0,0.2936857562408246,14.983277591973243,0.14542821942513662,5.128205128205132,6.726457399103136,-0.15948963317384823,-9.62710212039971,1.0389610389610393,0.0,-0.29069767441860517,2.375690607734815,0.22861992405729392,1.5772870662460692,0.4205648476844681,-6.033426702843981,1.1695906432748648,1.153008318435722,-4.563650920736595,0.7538885737930157,2.1388122077300675
2024,3,-16.998671978751656,-17.08686683474675,9.50413223140496,-7.5334496800465445,-5.969753250198995,-10.236220472440948,-11.946847185658772,-17.365269461077848,-3.0477295860795173,-0.5072463768115876,1.7128075327793146,-0.79086115992969,2.226345083487935,-0.663878076296065,1.2649666323452324,1.4961563870037775,1.2607678024852076,2.959028831562982,-2.604523646333101,0.8662718204488717,0.1930036188178441,-3.658536585365846,-11.370262390670561,0.0,4.685212298682284,-1.3961605584642212,0.13760740670281102,0.0,-4.621848739495793,0.15974440894568342,-6.3781014023732485,0.9425878320479919,0.24783147459728205,0.0,0.2698327037236936,0.6362512712243973,-0.6211180124223614,0.6158237986775728,-5.403927339646919,0.5780346820809301,0.8828353692479141,3.439597315436238,0.8717509648172861,1.59571948438344
2024,4,5.367272727272732,3.0822391154112116,28.301886792452823,-5.441962881409246,-1.1568848758464978,32.01754385964912,-0.17084282460135825,18.1159420289855,3.620776639439671,0.0728332119446451,-1.213963212171254,0.08857395925596645,-8.62068965517243,-0.3662791759784234,1.4188593944907346,2.3356336121774346,-1.1704123932976929,10.095799557848185,3.2371569317382054,1.1681845855262551,0.963159162051519,6.329113924050622,12.66447368421051,0.1524390243902607,-1.8181818181818188,-9.970501474926252,0.25583869496934586,0.0,-6.607929515418498,-0.31897926634769647,5.069854529742179,0.9903791737407852,-0.49443757725587956,0.0,0.5382131324004336,-2.1966779127162384,-3.749999999999998,-0.2368753593282258,-6.448193868105578,1.724137931034475,0.6326505190469289,-0.08110300081103361,-3.390384946187186,1.0875073593053841
2025,1,-0.786858089453335,3.5532314293376333,20.882352941176485,5.189620758483038,2.540679417642022,36.87707641196014,-2.681118083285805,10.797546012269944,-2.0939504024323874,0.14556040756912303,2.3421661035034624,0.4424778761061843,4.667328699106266,0.2278688608084778,0.9581788667073043,0.42729483054204653,2.2032669951540296,-9.906291834002678,1.7041581458759447,0.4841779208758723,0.9062723586930499,10.71428571428572,-2.9197080291970656,-0.9132420091324311,-6.552706552706555,3.8007863695937116,0.03853053386897454,2.4390243902439046,3.7735849056603765,0.0,-4.701850582590817,1.17680022415243,-0.1242236024844634,-0.2915451895043608,-0.8565310492505307,1.5086154572770294,-0.9740259740259827,-3.607463660675503,-12.976150164964961,0.0,-7.294006880244019,-5.35714285714286,-0.32098614919338075,-0.786259770570108
2025,2,-7.750104355085585,-11.757089214035998,-20.68126520681266,0.06325110689437974,3.7583518930957682,-26.699029126213592,-0.1025791324736125,-20.26578073089702,1.7397762275223272,-0.43604651162790775,-0.7113367181199259,-0.2643171806167355,-0.189753320683117,-0.03841689855703656,-0.1340527201206032,-0.41266642677222354,-0.7409754268238422,2.4517087667161874,-6.233243967828416,-0.5876380174132945,-1.6544552115339117,-3.2258064516129115,1.8045112781954753,-0.1536098310291778,1.3719512195121908,-13.383838383838388,0.06377188606931927,-2.3809523809523947,5.000000000000004,-0.32000000000000917,3.624856156501721,0.6923289947383005,0.3731343283582156,0.0,5.399568034557234,0.431504894684287,-0.3278688524590123,0.25797099680435753,1.1201784245170376,0.5649717514124353,1.3916215869917092,-0.7718696397941649,0.6914915250707976,-1.0330638042438056
2025,3,-4.720965309200597,0.542920029347016,-4.294478527607348,-1.4538558786346467,0.7244432519452726,-1.655629139072845,-6.1757371277688105,-5.833333333333323,-1.3276470555746878,0.7299270072992803,-1.5849239195338427,0.4416961130742081,-0.9505703422053258,-0.1770093252701388,1.4006660065287946,1.3831818385478423,1.0431581487204689,-4.350978970268315,3.216583273766971,0.26023589420538507,-1.4419610670511895,-8.888888888888902,-6.9423929098966,0.4615384615384466,7.36842105263158,1.0204081632652962,0.04417016873003998,7.317073170731736,-2.5974025974025983,0.32102728731941976,-0.48584119933370307,0.9350935093509483,0.0,0.0,-1.1782786885245922,0.563681556588258,-1.6447368421052544,0.4883777273706258,0.5953973872138363,0.0,0.7655296469970319,-3.7165082108902348,0.8428182121719141,-1.2287560083959148
2025,4,-9.355706822858956,-10.464098073555162,28.205128205128194,-9.846055163566392,-6.766116142781032,43.434343434343425,-9.365228267667291,-10.029498525073755,5.849608418420882,-0.7971014492753614,-2.9197286454764604,-0.5277044854881341,-10.565259117082537,-0.31522993451976733,1.1334618591240186,0.6858620606084775,-0.9095111284113666,4.473085670962851,2.6315789473684292,1.0150612147793892,0.536454523287011,-3.658536585365846,-2.3809523809523725,0.6125574272588086,1.2605042016806678,5.555555555555558,-0.07316396296389582,0.0,-9.777777777777775,-0.16000000000000458,-8.63439810294323,0.8719346049046228,0.0,0.0,-1.5033696215655756,0.529530448297999,-1.3377926421404673,0.6519198622254807,-9.507406149121744,0.561797752808979,3.0434473425468678,4.398563734290839,0.8843407321451613,-0.5127609199881977
2026,1,79.6367446734195,106.50366748166257,-28.000000000000004,41.94236926360726,54.31428571428572,-28.638497652582153,57.63325858202517,25.409836065573764,-3.1582732481432396,1.753104455807164,7.226674884756368,3.89036251105217,8.057645051560769,-0.9260999991826169,4.7421315795355135,1.9024047664895738,2.7017543196982796,10.449927431059503,-8.02968960863698,0.1404027899392979,-0.9216589861751112,10.126582278481,3.7398373983739797,-0.6088280060882911,-8.85200553250346,-6.151742993848252,0.13759846495657868,-2.272727272727282,0.0,-0.8012820512820484,5.145038167938942,0.8914100486223653,0.0,0.0,-5.9473684210526345,0.6395186397692765,-1.3559322033898313,4.099955666296284,-2.561203982454874,5.027932960893855,-1.9625753262259793,-2.3215821152192673,1.0465639354841683,-1.251059980862812
2026,2,-31.401905502624928,-44.383929276185974,15.972222222222232,-3.984962406015047,-13.571560822069983,3.6184210526315708,-7.189757058437285,-8.104575163398698,0.21195772858488837,-1.938262742282859,-0.4465882825846701,-2.6382978723404227,0.19860973187686426,0.49996699887797647,2.4994702046489126,1.8338196470751633,0.2225088479448134,-5.453350854139294,0.807043286867204,0.19267009392289758,0.5385556915544765,-1.1494252873563204,1.7241379310344973,-0.45941807044409533,1.9726858877086473,-2.039329934450107,0.15253703120075013,-2.3255813953488302,6.896551724137923,-0.6462035541195399,4.283432554087407,0.6425702811245104,-0.6195786864931829,0.29239766081869956,1.9026301063234552,0.7154520004253095,-2.0618556701030966,2.764855033772351,-4.18052511054241,-1.0638297872340274,2.241970892494205,4.401408450704225,1.2133228014343134,-0.3421927260009672
